Frequency (Hz),Rel. amplitude (a.u.)
0.674180975,0.996248191
0.671171157,1
0.683374295,0.981324801
0.68028202,0.984805081
0.677217757,0.988078602
0.674180975,0.991179664
0.671171157,0.994130097
0.671171157,0.992516092
0.668188243,0.993373833
0.674180975,0.98266232
0.674180975,0.980770781
0.674180975,0.978909042
0.677217757,0.972732218
0.677217757,0.971055142
0.677217757,0.969544596
0.68028202,0.963890094
0.683374295,0.958497844
0.686494654,0.952771317
0.692821806,0.943704934
0.696029402,0.939219026
0.699266673,0.935012676
0.702534363,0.931024762
0.705832571,0.927175716
0.705832571,0.927689195
0.705832571,0.92818986
0.705832571,0.92921616
0.705832571,0.929659163
0.705832571,0.92996731
0.705832571,0.930094088
0.705832571,0.930053744
0.702534363,0.934234332
0.702534363,0.933906526
0.702534363,0.933419435
0.702534363,0.932783706
0.699266673,0.935416601
0.699266673,0.934372993
0.699266673,0.933251922
0.699266673,0.932054198
0.696029402,0.935115699
0.696029402,0.933772678
0.696029402,0.932376255
0.696029402,0.930940718
0.696029402,0.927971068
0.696029402,0.926443447
0.696029402,0.924898042
0.696029402,0.923350431
0.696029402,0.921813331
0.696029402,0.920302439
0.696029402,0.918842404
0.696029402,0.917467888
0.696029402,0.916213398
0.696029402,0.914138765
0.696029402,0.913352727
0.696029402,0.912757317
0.696029402,0.912376869
0.696029402,0.912199266
0.699266673,0.907996692
0.699266673,0.908162571
0.699266673,0.908409284
0.699266673,0.908693723
0.699266673,0.909179418
0.699266673,0.909304097
0.699266673,0.90928917
0.702534363,0.904854614
0.702534363,0.904444694
0.699266673,0.908080539
0.699266673,0.907335475
0.699266673,0.906442798
0.699266673,0.905412252
0.699266673,0.902981908
0.699266673,0.901660036
0.699266673,0.900307826
0.699266673,0.898943105
0.699266673,0.897580472
0.699266673,0.896237614
0.699266673,0.894932708
0.699266673,0.893669424
0.699266673,0.891271458
0.699266673,0.890142396
0.699266673,0.889082788
0.699266673,0.888111306
0.699266673,0.887219639
0.702534363,0.882282932
0.702534363,0.881523327
0.702534363,0.880838347
0.702534363,0.880258865
0.702534363,0.879497583
0.702534363,0.879280314
0.702534363,0.879148398
0.702534363,0.879097748
0.702534363,0.879156947
0.702534363,0.879304492
0.702534363,0.879525303
0.702534363,0.879776039
0.702534363,0.879988893
0.702534363,0.880242407
0.702534363,0.880247838
0.699266673,0.884252981
0.699266673,0.883994614
0.699266673,0.883573269
0.699266673,0.882992518
0.699266673,0.882256562
0.699266673,0.881389891
0.699266673,0.880416175
0.699266673,0.878212263
0.699266673,0.877031843
0.699266673,0.875837047
0.699266673,0.874650607
0.699266673,0.873487936
0.699266673,0.872363369
0.699266673,0.871297056
0.702534363,0.866256582
0.702534363,0.864470737
0.702534363,0.863659461
0.702534363,0.862904554
0.702534363,0.862214914
0.702534363,0.861571746
0.702534363,0.860954396
0.702534363,0.860366246
0.702534363,0.859810607
0.702534363,0.859290339
0.702534363,0.858331073
0.702534363,0.857852608
0.702534363,0.857357865
0.702534363,0.856855834
0.702534363,0.856351867
0.702534363,0.855846963
0.702534363,0.855319518
0.702534363,0.85473852
0.699266673,0.85744088
0.699266673,0.856753251
0.699266673,0.85603442
0.699266673,0.855262273
0.699266673,0.854426635
0.699266673,0.853531484
0.699266673,0.852593912
0.699266673,0.85162548
0.699266673,0.850628225
0.699266673,0.848553371
0.699266673,0.847502535
0.699266673,0.846463125
0.699266673,0.845447005
0.699266673,0.844462195
0.699266673,0.843530679
0.699266673,0.842680031
0.699266673,0.841938827
0.699266673,0.841303643
0.699266673,0.840310024
0.699266673,0.839980756
0.702534363,0.835882258
0.702534363,0.835818943
0.702534363,0.835858575
0.702534363,0.835958831
0.702534363,0.836089517
0.702534363,0.836243204
0.702534363,0.836423381
0.702534363,0.83673659
0.702534363,0.836782489
0.702534363,0.836729899
0.702534363,0.836563745
0.702534363,0.836320729
0.702534363,0.835981118
0.702534363,0.83553395
0.702534363,0.834966377
0.702534363,0.83429373
0.702534363,0.832749237
0.702534363,0.831912617
0.702534363,0.831027893
0.702534363,0.830109132
0.702534363,0.829169851
0.702534363,0.828224884
0.702534363,0.827281043
0.702534363,0.826342752
0.702534363,0.824508695
0.702534363,0.823628774
0.702534363,0.822781042
0.702534363,0.821961533
0.702534363,0.821175637
0.702534363,0.820435967
0.702534363,0.819764735
0.702534363,0.819149521
0.702534363,0.818575018
0.702534363,0.81753357
0.702534363,0.817104555
0.702534363,0.816757109
0.702534363,0.816462526
0.702534363,0.816185468
0.702534363,0.815900525
0.702534363,0.815607255
0.702534363,0.815311043
0.702534363,0.81501929
0.702534363,0.814302528
0.702534363,0.813836731
0.702534363,0.8133081
0.702534363,0.812732773
0.702534363,0.812112835
0.702534363,0.811439863
0.702534363,0.810704599
0.702534363,0.809918817
0.702534363,0.809101994
0.702534363,0.807422193
0.702534363,0.806571164
0.702534363,0.805720242
0.702534363,0.80488112
0.702534363,0.804060595
0.702534363,0.803259345
0.702534363,0.802479448
0.702534363,0.801729588
0.702534363,0.800357518
0.702534363,0.799744922
0.702534363,0.79917375
0.702534363,0.798638136
0.702534363,0.798152302
0.702534363,0.79772272
0.702534363,0.797362625
0.702534363,0.797064677
0.702534363,0.79680758
0.702534363,0.796368634
0.702534363,0.79618876
0.702534363,0.796049758
0.702534363,0.795931762
0.702534363,0.795814756
0.702534363,0.7956697
0.702534363,0.795487186
0.702534363,0.795269772
0.702534363,0.795525678
0.702534363,0.795966161
0.702534199,0.796337339
0.702534363,0.796639713
0.702534199,0.79687535
0.702534363,0.797058871
0.702534199,0.797192351
0.702534363,0.797281608
0.702534363,0.797328874
0.702534363,0.79717147
0.702534363,0.796002217
0.702534363,0.790224204
0.702534199,0.787391284
0.702534363,0.787037095
0.702534199,0.78712692
0.702534363,0.787052348
0.702534199,0.785562981
0.702534363,0.780784954
0.705832737,0.769132711
0.705832571,0.768158978
0.705832737,0.767386412
0.705832571,0.76533234
0.705832571,0.761447891
0.705832571,0.757549245
0.705832571,0.755476291
0.705832571,0.754862006
0.705832571,0.754403588
0.705832668,0.751188795
0.705832834,0.749446958
0.705832668,0.748599718
0.705832834,0.748264262
0.705832668,0.747796584
0.705832668,0.7452547
0.705832668,0.743838775
0.705832668,0.742823019
0.705832668,0.742082116
0.705832668,0.741368212
0.70583273,0.740470189
0.70583273,0.739399831
0.702534521,0.74185961
0.702534521,0.74069885
0.702534357,0.740429158
0.702534521,0.740223366
0.702534357,0.740050339
0.702534521,0.739957058
0.702534357,0.73996086
0.702534521,0.739950721
0.702534521,0.739805848
0.702534521,0.739116763
0.702534357,0.738507555
0.70583273,0.733994432
0.70583273,0.732226394
0.70583273,0.729685198
0.70583273,0.7265069
0.70583273,0.722886269
0.70583273,0.718789764
0.70583273,0.714038131
0.70583273,0.702440298
0.70583273,0.69646301
0.70583273,0.690917655
0.70583273,0.685792444
0.70583273,0.681055372
0.70583273,0.676776926
0.70583273,0.673226822
0.702534521,0.67371428
0.702534357,0.67184988
0.702534357,0.670044247
0.702534521,0.669731423
0.702534521,0.669645672
0.702534357,0.669684196
0.702534521,0.669729923
0.702534357,0.66970066
0.702534521,0.6695554
0.702534357,0.669295239
0.702534521,0.668949441
0.702534521,0.668026771
0.702534357,0.667477694
0.702534521,0.666914483
0.702534357,0.666369327
0.702534357,0.665889164
0.702534521,0.665481139
0.70583273,0.662041069
0.705832792,0.661722799
0.705832792,0.660981059
0.705832792,0.660538056
0.705832792,0.660048314
0.705832792,0.659466463
0.705832792,0.658754171
0.705832792,0.657850062
0.705832626,0.656687462
0.705832792,0.655292573
0.705832792,0.653711475
0.705832792,0.650023375
0.705832792,0.647869774
0.705832792,0.645530533
0.705832792,0.643128247
0.705832792,0.640760808
0.705832792,0.638536162
0.705832792,0.636504281
0.702534418,0.637695993
0.702534418,0.634966032
0.702534583,0.634042008
0.702534418,0.633416374
0.702534583,0.633043971
0.702534418,0.632863268
0.702534583,0.632806742
0.702534418,0.632805612
0.702534583,0.632796903
0.702534418,0.632719565
0.702534583,0.632119064
0.702534418,0.631538282
0.702534583,0.6307614
0.702534418,0.629805196
0.702534583,0.628653199
0.702534418,0.627314921
0.705832792,0.622866775
0.705832716,0.621221076
0.705832716,0.619518408
0.70583255,0.616182521
0.705832716,0.614527223
0.70583255,0.612854946
0.705832716,0.61122115
0.70583255,0.60969748
0.705832716,0.608280442
0.705832716,0.60690086
0.705832716,0.605448423
0.705832716,0.603933542
0.705832675,0.600953005
0.705832509,0.599550295
0.705832675,0.598148593
0.705832509,0.596733172
0.705832675,0.595346257
0.702534302,0.596847207
0.702534466,0.595725708
0.702534302,0.594823887
0.702534302,0.593586026
0.702534466,0.593223861
0.702534302,0.593019624
0.702534302,0.592949603
0.702534302,0.592958232
0.702534302,0.59296674
0.702534302,0.592894531
0.702534302,0.592665252
0.702534302,0.592214259
0.702534466,0.590367333
0.702534302,0.58887997
0.702534466,0.587011631
0.702534302,0.58484307
0.702534302,0.582387036
0.705832675,0.576892023
0.705832509,0.573843463
0.705832675,0.570694447
0.705832509,0.567654683
0.705832509,0.562321952
0.705832675,0.560003799
0.705832675,0.557895285
0.705832675,0.556151354
0.705832675,0.554817681
0.705832509,0.553842959
0.705832675,0.553110024
0.705832509,0.552563809
0.702534233,0.554496986
0.702534233,0.554362738
0.702534233,0.554290348
0.702534233,0.554271495
0.702534233,0.554254981
0.702534398,0.554243843
0.702534233,0.554238851
0.702534233,0.554238703
0.702534233,0.554239156
0.702534233,0.55424121
0.702534274,0.554249338
0.702534274,0.554268261
0.702534274,0.554291918
0.702534274,0.554316486
0.702534274,0.554329412
0.705832647,0.551731086
0.705832481,0.551670374
0.705832647,0.551558324
0.705832481,0.551311403
0.705832647,0.550871366
0.705832481,0.550255522
0.705832647,0.549459128
0.705832481,0.548489831
0.705832647,0.547241153
0.705832481,0.545683841
0.705832647,0.543846923
0.705832481,0.539627733
0.705832647,0.53734104
0.705832481,0.534954693
0.705832647,0.532545681
0.705832481,0.53020979
0.705832647,0.528060102
0.705832481,0.526135998
0.702534274,0.525584709
0.702534274,0.524484433
0.702534274,0.523676986
0.702534274,0.523143453
0.702534274,0.522832309
0.702534274,0.522680666
0.702534274,0.52262741
0.702534274,0.522626731
0.702534274,0.52263173
0.702534274,0.522506903
0.702534322,0.522324578
0.702534322,0.522047201
0.702534322,0.521659653
0.702534322,0.521168868
0.702534322,0.520584373
0.702534158,0.519918037
0.705832529,0.516748526
0.705832696,0.515037725
0.705832529,0.514039414
0.705832696,0.51298355
0.705832529,0.511886462
0.705832696,0.510759274
0.705832529,0.50958648
0.705832599,0.508341549
0.705832433,0.507040826
0.705832433,0.505692021
0.705832433,0.50297301
0.705832433,0.501638315
0.705832433,0.500330345
0.705832599,0.499033936
0.705832433,0.497762826
0.702534226,0.498884943
0.702534226,0.497796704
0.702534226,0.496890126
0.702534226,0.49612094
0.702534226,0.494956749
0.702534062,0.494574121
0.702534226,0.49433882
0.702534062,0.494225382
0.702534226,0.494188727
0.702534226,0.494193642
0.702534226,0.494213008
0.702534226,0.494212356
0.702534226,0.493948564
0.702534062,0.493602626
0.702534226,0.493107296
0.702534062,0.492469726
0.702534226,0.491686063
0.705832433,0.488425732
0.705832433,0.487236701
0.705832433,0.48585087
0.705832433,0.484351376
0.705832599,0.481314167
0.705832433,0.479765875
0.705832599,0.478211409
0.705832433,0.476696316
0.705832516,0.475295163
0.705832516,0.474040196
0.705832516,0.472917095
0.705832516,0.471899469
0.705832516,0.470982748
0.705832516,0.469512216
0.705832516,0.468948955
0.705832516,0.468477376
0.705832682,0.468079068
0.705832516,0.467726934
0.705832516,0.467420307
0.705832516,0.467160559
0.705832516,0.466950557
0.702534309,0.46897236
0.702534309,0.468742369
0.702534144,0.468686458
0.702534309,0.468677295
0.702534144,0.468710919
0.702534309,0.468775343
0.702534309,0.468860347
0.702534309,0.468946636
0.705832516,0.466818382
0.705832516,0.466705917
0.705832516,0.466475291
0.705832516,0.466070438
0.705832516,0.465487437
0.705832516,0.464695772
0.705832516,0.463650105
0.705832516,0.46235106
0.705832516,0.460789668
0.705832516,0.459019182
0.705832516,0.455119928
0.705832516,0.453096355
0.705832516,0.45109265
0.705832516,0.449152954
0.705832516,0.447344081
0.705832516,0.445736372
0.705832516,0.444366912
0.705832516,0.44320474
0.705832516,0.442226499
0.702534144,0.442902464
0.702534144,0.442493043
0.702534144,0.442235061
0.702534144,0.442077492
0.702534309,0.441985197
0.702534021,0.441937871
0.702534185,0.44192245
0.702534021,0.441922227
0.702534021,0.441895047
0.702534185,0.441852357
0.702534021,0.44179457
0.702534021,0.441714367
0.702534021,0.441594218
0.702534021,0.441412369
0.705832391,0.439123353
0.705832225,0.438851133
0.705832391,0.438560883
0.705832467,0.437811152
0.705832467,0.437270326
0.705832467,0.436606135
0.705832467,0.435850822
0.705832467,0.435011145
0.705832467,0.434069473
0.705832467,0.432978483
0.705832467,0.431744303
0.705832301,0.430387242
0.705832301,0.427500733
0.705832467,0.426055992
0.705832301,0.424632001
0.705832467,0.423264444
0.705832467,0.421985383
0.705832467,0.420852091
0.705832467,0.419897595
0.705832467,0.419119889
0.702534096,0.42048703
0.702534096,0.419744861
0.702534096,0.419562979
0.702534096,0.419482031
0.702534096,0.419465671
0.702534096,0.419477856
0.702534096,0.41948908
0.702534096,0.419482352
0.702534096,0.419432249
0.705832467,0.417144139
0.705832467,0.416847735
0.705832467,0.416502509
0.705832301,0.416090986
0.705832467,0.415618964
0.705832301,0.415067756
0.705832467,0.414475524
0.705832301,0.413875534
0.70583255,0.413244378
0.70583255,0.411863722
0.705832384,0.411106373
0.70583255,0.410345367
0.70583255,0.409586885
0.705832384,0.408833206
0.70583255,0.40807412
0.705832384,0.407277956
0.70583255,0.40645692
0.705832384,0.40563607
0.705832453,0.404122415
0.705832619,0.403412566
0.705832453,0.402698495
0.705832619,0.402012877
0.705832453,0.401398859
0.705832619,0.400877787
0.705832453,0.40045908
0.702534247,0.401995993
0.702534247,0.401716361
0.702534247,0.401381756
0.702534247,0.401328872
0.702534247,0.401333982
0.702534247,0.401370493
0.702534247,0.401416685
0.702534247,0.401462208
0.702534247,0.4014711
0.705832453,0.399534148
0.705832453,0.399358427
0.705832453,0.398662238
0.705832453,0.398143051
0.705832453,0.397459923
0.705832619,0.396587808
0.705832453,0.395544919
0.705832619,0.394333474
0.705832453,0.393041556
0.705832619,0.391682124
0.705832619,0.388793508
0.705832453,0.387296359
0.705832453,0.385848428
0.705832453,0.384518319
0.705832453,0.383319713
0.705832453,0.382266865
0.705832453,0.381304631
0.705832453,0.380470233
0.705832453,0.379780044
0.705832412,0.378881878
0.705832578,0.378601542
0.705832412,0.378382555
0.705832578,0.378212096
0.705832412,0.378112499
0.705832412,0.378065577
0.705832412,0.378054019
0.705832412,0.378059435
0.705832412,0.37807757
0.705832412,0.378130779
0.705832363,0.378148094
0.705832363,0.378149066
0.705832363,0.3781228
0.705832529,0.378076515
0.705832363,0.377995058
0.705832529,0.377853416
0.705832363,0.377603341
0.705832363,0.377275854
0.705832363,0.376464186
0.705832363,0.375946803
0.705832363,0.375291719
0.705832363,0.374464081
0.705832363,0.373517523
0.705832363,0.372518338
0.705832363,0.371505949
0.705832363,0.370472768
0.705832363,0.368304206
0.705832363,0.367234627
0.705832363,0.366259272
0.705832363,0.365409386
0.705832363,0.364662517
0.705832363,0.363987858
0.705832363,0.36339387
0.705832363,0.362904168
0.705832363,0.36254831
0.705832363,0.362147549
0.705832363,0.362038372
0.705832363,0.361968041
0.705832363,0.36193305
0.705832363,0.361930284
0.705832197,0.361941162
0.705832363,0.361950777
0.705832363,0.361955328
0.705832363,0.361916794
0.705832446,0.361853434
0.705832446,0.361736277
0.705832446,0.361569454
0.705832446,0.361359425
0.705832446,0.361114442
0.705832446,0.3608037
0.705832446,0.360431383
0.705832446,0.359962923
0.705832446,0.358755755
0.70583228,0.358077048
0.709161767,0.35566079
0.709161683,0.354881057
0.709161683,0.354009461
0.709161683,0.353067943
0.709161851,0.352083368
0.709161683,0.351105981
0.705832363,0.351816173
0.705832363,0.349997991
0.705832363,0.349141324
0.705832197,0.348360747
0.705832363,0.34768171
0.705832197,0.347123299
0.705832363,0.346680563
0.705832197,0.346325065
0.705832363,0.346064984
0.705832197,0.345890254
0.702533993,0.34740903
0.702534158,0.347428639
0.705832363,0.34584275
0.705832363,0.345877496
0.705832363,0.345891642
0.705832197,0.345861299
0.705832363,0.345759283
0.705832197,0.345576631
0.705832363,0.345314941
0.705832363,0.34450968
0.705832197,0.343963988
0.705832363,0.343329319
0.705832197,0.342666573
0.705832363,0.341966483
0.705832197,0.34121743
0.705832363,0.340400502
0.705832197,0.339567372
0.705832363,0.337922691
0.705832197,0.337157611
0.705832343,0.33641629
0.705832177,0.335723417
0.705832343,0.335061545
0.705832177,0.334460978
0.705832343,0.333946608
0.705832177,0.333502389
0.705832343,0.333123924
0.705832177,0.332776037
0.705832177,0.332197763
0.705832343,0.331996936
0.705832177,0.331850992
0.705832177,0.331742654
0.705832301,0.331660197
0.705832301,0.331604988
0.705832301,0.331582025
0.705832301,0.33159045
0.705832301,0.331663999
0.705832467,0.331714186
0.705832301,0.331758529
0.705832467,0.331788171
0.705832301,0.331784699
0.705832467,0.331740898
0.705832301,0.331626574
0.705832301,0.331451096
0.705832301,0.330831545
0.705832301,0.330361069
0.705832301,0.329767534
0.705832301,0.329075631
0.709161621,0.32676041
0.709161788,0.325933189
0.709161621,0.32504384
0.709161788,0.32409071
0.709161788,0.323113556
0.705832301,0.322710709
0.705832467,0.321824105
0.705832301,0.321000117
0.705832301,0.320246587
0.705832301,0.319585617
0.705832301,0.319011316
0.705832301,0.318535975
0.705832301,0.31815853
0.705832301,0.317872159
0.705832301,0.317513812
0.705832301,0.317427823
0.705832301,0.317385211
0.70583228,0.317380591
0.70583228,0.317402452
0.70583228,0.317436774
0.705832446,0.317474672
0.70583228,0.317502853
0.70583228,0.317500958
0.70583228,0.317454893
0.70583228,0.317361906
0.70583228,0.317227352
0.70583228,0.317060671
0.70583228,0.316820556
0.70583228,0.3165175
0.705832197,0.316122086
0.705832197,0.315654796
0.709161683,0.313090777
0.709161516,0.312453426
0.709161516,0.311725666
0.709161516,0.310931197
0.705832031,0.311552452
0.705832197,0.310740051
0.705832031,0.309946733
0.705832197,0.309171227
0.705832197,0.308424876
0.705832197,0.307096797
0.705832197,0.306556197
0.705832197,0.306103225
0.705832197,0.305719927
0.705832197,0.305402423
0.705832197,0.30516181
0.705832197,0.304996514
0.705832031,0.304896845
0.705832197,0.304839469
0.705832197,0.304817021
0.705832031,0.30483429
0.705832197,0.304858845
0.705832031,0.304881846
0.705832197,0.304886947
0.705832031,0.304881517
0.705832197,0.304854677
0.705832031,0.30481112
0.705832197,0.304727205
0.705832197,0.304381118
0.705832197,0.30412662
0.705832031,0.303827082
0.705832197,0.30347946
0.705832031,0.303060871
0.705832087,0.302548766
0.709161404,0.300552248
0.709161404,0.299950481
0.709161404,0.298677744
0.709161404,0.297989922
0.709161404,0.297271358
0.709161404,0.296540837
0.709161404,0.295835928
0.705831921,0.2965753
0.705832087,0.295962112
0.705831921,0.295405847
0.705831962,0.294884099
0.705831962,0.294029107
0.705832128,0.293716335
0.705831962,0.293479626
0.705832128,0.293294797
0.705831962,0.293166334
0.705832128,0.293095497
0.705831962,0.293072205
0.705832128,0.293085004
0.705831962,0.29312118
0.705831962,0.29321185
0.705832128,0.293252796
0.705831962,0.293262201
0.705831962,0.293233868
0.705831962,0.293151132
0.705831962,0.293005336
0.705831962,0.292803746
0.705831962,0.29253496
0.705831962,0.29176502
0.705831962,0.291286014
0.705831962,0.29073791
0.705832128,0.290135292
0.705831962,0.289490454
0.705832128,0.288803304
0.705831962,0.288110049
0.705832128,0.287416321
0.705831962,0.286727018
0.705831962,0.28544323
0.705831962,0.284837189
0.705831962,0.284299375
0.705831962,0.28383221
0.705831962,0.283427092
0.705831962,0.283089076
0.705831962,0.282767667
0.705832114,0.282512622
0.705832114,0.28233936
0.705832114,0.282097852
0.705832114,0.282043722
0.705832114,0.28201298
0.705832114,0.282005777
0.705832114,0.282020555
0.705832114,0.282047664
0.705832114,0.28208473
0.705832114,0.282123121
0.705832031,0.282175649
0.705832031,0.282175488
0.705832031,0.282142798
0.705832031,0.282061227
0.705832031,0.281941036
0.705832031,0.281767852
0.705832031,0.281535006
0.705832031,0.281226534
0.705832031,0.2808244
0.709161516,0.278418753
0.709161348,0.277768471
0.709161516,0.277062605
0.709161348,0.276300268
0.709161348,0.275497761
0.709161348,0.274683764
0.705831865,0.275161751
0.705832031,0.274391047
0.705831865,0.273671698
0.705831865,0.272438634
0.705832031,0.271934941
0.705832031,0.271532121
0.705832031,0.271217283
0.705832031,0.270972337
0.705832031,0.270807197
0.705832031,0.270700581
0.705832031,0.270637113
0.705832031,0.270615381
0.705832031,0.270644121
0.705831865,0.270673332
0.705832031,0.27070284
0.705831865,0.27072637
0.705832031,0.270730453
0.705831865,0.270726259
0.705832031,0.270703397
0.705831865,0.270653267
0.705831948,0.270598204
0.705831948,0.270371129
0.705831782,0.270190624
0.705831948,0.26995598
0.709161264,0.268402197
0.709161264,0.268074292
0.709161264,0.267707918
0.709161432,0.267284213
0.709161264,0.26679422
0.709161264,0.265677957
0.709161285,0.265061143
0.705831969,0.265682332
0.705831803,0.265058074
0.705831969,0.264433072
0.705831803,0.263817127
0.705831969,0.263251353
0.705831803,0.262756324
0.705831969,0.262324319
0.705831969,0.261656883
0.705831803,0.261402746
0.705831969,0.26122165
0.705831803,0.261108363
0.705831969,0.261048309
0.705831803,0.261022993
0.705831969,0.261023376
0.705831803,0.261042591
0.705831803,0.261070187
0.705831803,0.26111717
0.705831803,0.261117054
0.705831803,0.261098057
0.705831803,0.261055933
0.705831803,0.260981105
0.705831969,0.260863037
0.705831803,0.26069009
0.705831969,0.260472589
0.705831969,0.259921826
0.705831803,0.259581356
0.709161285,0.257952292
0.709161285,0.257511754
0.709161285,0.257043346
0.709161285,0.256537416
0.709161118,0.255989268
0.709161285,0.255427142
0.709161118,0.254842627
0.709161118,0.253697647
0.705831838,0.254343903
0.705831838,0.253835641
0.705831838,0.253343431
0.705831838,0.252898128
0.705831838,0.252504552
0.705831838,0.252179082
0.705831838,0.251916666
0.705831838,0.251703458
0.705831838,0.251443436
0.705832004,0.251386845
0.705831858,0.251372116
0.705832024,0.251385301
0.705831858,0.251415212
0.705831858,0.251457516
0.705831858,0.251494541
0.705831858,0.251513398
0.705831858,0.251478537
0.705831858,0.251416197
0.705831858,0.251308391
0.705831858,0.2511582
0.705831858,0.250949029
0.705831858,0.250676095
0.705831858,0.25037837
0.709161341,0.248848885
0.709161174,0.248446063
0.709161174,0.247534502
0.709161341,0.247040272
0.709161174,0.246537841
0.709161341,0.246024801
0.709161174,0.245504101
0.705831858,0.246147425
0.705831858,0.245653081
0.705831692,0.245178408
0.705831858,0.244741459
0.705831858,0.244024064
0.705831692,0.243732592
0.705831858,0.24349016
0.705831692,0.243287455
0.705831858,0.243126221
0.705831692,0.243004912
0.705831858,0.242921627
0.705831858,0.242872867
0.705831858,0.24285138
0.705831858,0.242869811
0.705831838,0.242900529
0.705831838,0.242938825
0.705831838,0.242979872
0.705831838,0.243018421
0.705831838,0.243054763
0.705831838,0.243075047
0.705831838,0.243067377
0.705831671,0.243028634
0.705831671,0.242812282
0.705831838,0.242624035
0.705831671,0.242363775
0.705831838,0.242056077
0.709161264,0.240540982
0.709161264,0.24009558
0.709161264,0.239582346
0.709161264,0.239004633
0.709161264,0.237768678
0.709161264,0.237140151
0.709161264,0.236500058
0.709161264,0.235887644
0.705831948,0.236423889
0.705831782,0.235895667
0.705831948,0.235446032
0.705831782,0.235038746
0.705831782,0.234702698
0.705831782,0.234224686
0.705831948,0.234073382
0.705831782,0.233979825
0.705831948,0.233921883
0.705831782,0.2339027
0.705831948,0.233908358
0.705831782,0.23393088
0.705831948,0.233963313
0.705831782,0.234001773
0.705831782,0.234056239
0.705831948,0.234078459
0.705831782,0.23408417
0.705831948,0.234068606
0.705831782,0.234023784
0.705831948,0.233951766
0.705831782,0.233847737
0.705831948,0.233699446
0.709161264,0.232422039
0.709161264,0.232171862
0.709161097,0.231526189
0.709161264,0.231136798
0.70916116,0.230715528
0.709161327,0.230243426
0.70916116,0.22973112
0.709161327,0.229199116
0.70916116,0.228677261
0.705831844,0.228743793
0.705831844,0.228272401
0.705831844,0.227835768
0.705831844,0.22745413
0.705831844,0.227132677
0.705831844,0.226868616
0.705831692,0.2266599
0.705831692,0.226491398
0.705831692,0.226365952
0.705831692,0.226249899
0.705831858,0.226236558
0.705831692,0.226242878
0.705831858,0.22626419
0.705831692,0.226295888
0.705831692,0.226331505
0.705831692,0.226364059
0.705831692,0.226385185
0.705831692,0.226397169
0.705831692,0.22637749
0.705831692,0.226329537
0.705831692,0.226247384
0.705831692,0.226130706
0.705831692,0.225982386
0.709161006,0.224732226
0.709161174,0.2245131
0.709161006,0.22423956
0.709161006,0.223532139
0.709161174,0.223095057
0.709161006,0.22264773
0.709161174,0.222190094
0.709161006,0.221696216
0.709161174,0.22119689
0.709161006,0.220691673
0.709161174,0.220193206
0.705831692,0.220750452
0.705831692,0.219921142
0.705831526,0.219565902
0.705831692,0.219263515
0.705831526,0.21901914
0.705831588,0.218832942
0.705831422,0.21870711
0.705831588,0.218620326
0.705831422,0.218576838
0.705831588,0.21856641
0.705831588,0.218609551
0.705831422,0.218642256
0.705831588,0.218674712
0.705831422,0.218697503
0.705831588,0.218707062
0.705831422,0.218693077
0.705831588,0.21864105
0.705831505,0.218549478
0.705831671,0.218423595
0.709160985,0.217039664
0.709160985,0.216793692
0.709161153,0.216499274
0.709160985,0.216163676
0.709160985,0.21579624
0.709160985,0.21541514
0.709160985,0.215010817
0.709160985,0.214595656
0.709160985,0.213714873
0.709160985,0.213291105
0.709160985,0.212891611
0.705831505,0.213507197
0.705831671,0.213160182
0.705831505,0.212829643
0.705831671,0.212540029
0.705831505,0.212295964
0.705831671,0.212099351
0.705831671,0.211816559
0.705831505,0.211722068
0.705831671,0.211660497
0.705831505,0.21162714
0.705831671,0.211619643
0.705831505,0.211630954
0.705831671,0.211655913
0.705831505,0.211694812
0.705831671,0.211740416
0.705831671,0.211824354
0.705831505,0.211857311
0.705831671,0.211881289
0.705831505,0.211898353
0.705831505,0.211872344
0.705831505,0.211818471
0.705831492,0.211718719
0.709160971,0.210584198
0.709160971,0.210192079
0.709160803,0.209899862
0.709160971,0.209545722
0.709160803,0.209152404
0.709160971,0.208714229
0.709160803,0.208253122
0.709160971,0.207782897
0.709160803,0.207273938
0.709160971,0.206751137
0.709160936,0.205757541
0.705831457,0.206302469
0.705831457,0.205906565
0.705831457,0.205549695
0.705831457,0.205237752
0.705831457,0.204981483
0.705831457,0.204783442
0.705831457,0.204641087
0.705831457,0.204541388
0.705831291,0.204458282
0.705831457,0.204458738
0.705831291,0.204479365
0.705831457,0.204510895
0.705831291,0.204547155
0.705831457,0.204583247
0.705831291,0.204615437
0.705831457,0.204634238
0.705831457,0.204628474
0.705831291,0.2045886
0.709160768,0.203558956
0.709160768,0.203458449
0.709160768,0.203323276
0.709160768,0.203154071
0.709160936,0.202919484
0.709160768,0.202653285
0.709160936,0.202349109
0.709160936,0.201639207
0.709160768,0.201259495
0.709160936,0.200837397
0.709160768,0.200403101
0.709160936,0.199983697
0.709160768,0.199592876
0.709160936,0.199220854
0.705831457,0.199797693
0.70583154,0.199462999
0.70583154,0.19891459
0.70583154,0.198702089
0.70583154,0.198534116
0.70583154,0.198397853
0.70583154,0.198299911
0.70583154,0.198233822
0.705831374,0.198196478
0.70583154,0.198184422
0.705831374,0.198193735
0.705831395,0.198247285
0.705831561,0.198283806
0.705831395,0.198318684
0.705831561,0.198344176
0.705831395,0.198363467
0.705831561,0.198366663
0.705831395,0.198363119
0.705831561,0.198333711
0.709160873,0.197229851
0.709160873,0.197094637
0.709160873,0.196914663
0.709160873,0.196713166
0.709160873,0.196464568
0.709160873,0.196170465
0.709160873,0.19583064
0.709160873,0.195446181
0.709160873,0.195054841
0.709160873,0.194246781
0.709160873,0.19381565
0.709160873,0.193384345
0.709160873,0.192964109
0.709160873,0.192571114
0.705831395,0.193132978
0.705831561,0.192824757
0.705831395,0.192541286
0.705831395,0.192303939
0.705831395,0.191976401
0.705831395,0.191877843
0.705831395,0.191818585
0.705831395,0.19178979
0.705831395,0.191790546
0.705831395,0.191814304
0.705831395,0.191850787
0.705831395,0.191935356
0.705831353,0.191972131
0.705831353,0.191992595
0.705831353,0.191999123
0.705831353,0.191987594
0.705831353,0.191944184
0.709160831,0.190865538
0.709160664,0.19073627
0.709160831,0.190558406
0.709160664,0.190352907
0.709160831,0.190104498
0.709160664,0.189833272
0.709160768,0.189528572
0.709160601,0.189197604
0.709160601,0.188468226
0.709160768,0.188090938
0.709160601,0.187705127
0.709160768,0.187343594
0.709160601,0.186983913
0.705831291,0.187526009
0.705831291,0.187213587
0.705831291,0.186927197
0.705831291,0.186689327
0.705831291,0.186323885
0.705831291,0.186195752
0.705831291,0.186104099
0.705831291,0.186042984
0.705831291,0.186010673
0.705831125,0.1860034
0.705831291,0.18601581
0.705831125,0.186043909
0.705831125,0.186119144
0.705831291,0.186160636
0.705831125,0.18619529
0.705831291,0.186213549
0.705831125,0.186222043
0.705831291,0.186213827
0.705831125,0.186183166
0.709160601,0.185248599
0.709160601,0.185142889
0.709160601,0.184832874
0.709160601,0.184633437
0.709160601,0.184406144
0.709160601,0.184119887
0.709160601,0.183804445
0.709160601,0.183469432
0.709160601,0.183119578
0.709160559,0.182759528
0.709160559,0.182385137
0.709160559,0.181601943
0.709160559,0.181238508
0.709160559,0.180896215
0.709160559,0.180576783
0.705831083,0.181144507
0.705831249,0.180891584
0.705831083,0.180673979
0.705831249,0.180493609
0.705831187,0.180359978
0.705831187,0.180212104
0.705831353,0.180186749
0.705831187,0.180186864
0.705831353,0.180208644
0.705831187,0.180242139
0.705831353,0.180286759
0.705831187,0.180338435
0.705831353,0.180378724
0.705831187,0.180415168
0.705831187,0.180416467
0.709160664,0.179527517
0.709160664,0.179462948
0.709160664,0.179360691
0.709160664,0.179226158
0.709160496,0.179058852
0.709160664,0.178860413
0.709160496,0.17862612
0.709160496,0.178078203
0.709160664,0.177764778
0.709160496,0.177417939
0.709160664,0.177057484
0.709160496,0.176694006
0.709160664,0.176331674
0.709160496,0.175976759
0.709160664,0.175645386
0.709160496,0.175342727
0.705831187,0.175634504
0.705831187,0.175416685
0.705831187,0.17524138
0.705831187,0.17509352
0.705831187,0.17498634
0.705831187,0.174903492
0.705831187,0.174847382
0.705831166,0.174821754
0.705831166,0.174815239
0.705831166,0.174849668
0.705831166,0.174880057
0.705831166,0.174919746
0.705831166,0.174955464
0.705831166,0.174986663
0.705831166,0.17501148
0.705831166,0.175020576
0.705831166,0.175017016
0.709160643,0.174123067
0.709160489,0.174049297
0.709160657,0.173945773
0.709160489,0.173797286
0.709160657,0.173610877
0.709160489,0.173382972
0.709160657,0.173123241
0.709160489,0.172847692
0.709160657,0.172548138
0.709160657,0.171830936
0.709160489,0.171483649
0.709160657,0.171114201
0.709160489,0.170767004
0.709160657,0.170418554
0.709160489,0.170083944
0.70583118,0.170574806
0.70583118,0.170302089
0.70583118,0.169862569
0.70583118,0.169709835
0.70583118,0.16958364
0.70583118,0.169503515
0.70583118,0.169457072
0.70583118,0.169439041
0.70583118,0.169444813
0.70583118,0.169468592
0.70583118,0.169507467
0.70583118,0.169596774
0.70583118,0.169631221
0.70583118,0.169653146
0.70583118,0.169657133
0.709160489,0.168847997
0.709160657,0.168806891
0.709160489,0.168731377
0.709160657,0.168646725
0.709160489,0.168526464
0.709160608,0.168200563
0.709160608,0.167994556
0.709160608,0.167756073
0.709160608,0.167499376
0.709160608,0.167220925
0.709160608,0.166923981
0.709160608,0.166599323
0.709160608,0.166289795
0.709160608,0.165972677
0.709160608,0.165370838
0.709160608,0.165088503
0.709160524,0.16483543
0.705831049,0.165379137
0.705831215,0.165184228
0.705831049,0.165009278
0.705831215,0.164862984
0.705831049,0.164750639
0.705831215,0.164671256
0.705831215,0.164594546
0.705831049,0.164594057
0.705831215,0.164610388
0.705831049,0.164641154
0.705831215,0.164682986
0.705831049,0.164724093
0.705831215,0.164759495
0.705831049,0.16480143
0.705831049,0.164836574
0.705831215,0.164827349
0.709160524,0.16403104
0.709160524,0.163988327
0.709160524,0.163900884
0.709160524,0.163784844
0.709160524,0.163637983
0.709160524,0.163449468
0.709160524,0.163242143
0.709160524,0.162739926
0.709160524,0.162455849
0.709160356,0.162152006
0.709160524,0.161832298
0.709160356,0.161516238
0.709160524,0.161199942
0.709160356,0.160893841
0.709160524,0.16059709
0.709160356,0.160319074
0.709160356,0.159839169
0.705830924,0.160382184
0.705830924,0.160216407
0.705830924,0.160082356
0.705830924,0.159973553
0.705830924,0.159898561
0.705830924,0.159849904
0.705830924,0.159832608
0.705830924,0.15983782
0.705830924,0.159898038
0.705830924,0.159946003
0.705830924,0.159997151
0.705830966,0.160047807
0.705830966,0.16007649
0.70916044,0.159343085
0.709160272,0.159345925
0.70916044,0.159325123
0.70916044,0.159200095
0.709160272,0.15908157
0.70916044,0.15892904
0.709160272,0.158759812
0.70916044,0.158553902
0.709160272,0.158310872
0.70916044,0.158053032
0.709160272,0.157761982
0.70916044,0.157450731
0.70916044,0.156829045
0.709160272,0.156520543
0.70916044,0.156215099
0.709160272,0.155936587
0.70916044,0.15567663
0.709160272,0.15543698
0.705830966,0.155967291
0.705830966,0.155790886
0.705830966,0.155641213
0.705830966,0.155436998
0.705830966,0.155377354
0.705830966,0.15534165
0.705830966,0.155328958
0.705830966,0.155332298
0.705830966,0.155350884
0.705830966,0.155380423
0.705830966,0.155417637
0.705830966,0.155489628
0.705830966,0.155527865
0.705830966,0.155559926
0.70916044,0.154848208
0.709160384,0.154858561
0.709160552,0.154833431
0.709160384,0.154787216
0.709160552,0.154725872
0.709160384,0.154643221
0.709160384,0.154373941
0.709160552,0.154199762
0.709160384,0.154002497
0.709160552,0.153780628
0.709160384,0.153548809
0.709160594,0.153279828
0.709160426,0.15298941
0.709160594,0.152695703
0.709160426,0.15238096
0.709160426,0.151796122
0.709160594,0.151521276
0.709160426,0.151247218
0.709160594,0.150992509
0.705830952,0.151490855
0.705831118,0.15130893
0.705831118,0.151171814
0.705831118,0.151069978
0.705830952,0.151000188
0.705830952,0.150955961
0.705831118,0.15096896
0.705830952,0.151001357
0.705831118,0.151048045
0.705830952,0.151095123
0.705831118,0.151138728
0.705830952,0.151178509
0.709160426,0.150485826
0.709160426,0.150477445
0.709160426,0.150435709
0.709160426,0.150372615
0.709160426,0.1502816
0.709160426,0.150168976
0.709160426,0.150019093
0.709160426,0.149856412
0.709160426,0.149678669
0.709160426,0.14947171
0.709160426,0.149002653
0.709160426,0.148742151
0.709160426,0.148482167
0.709160426,0.148218797
0.709160426,0.14795537
0.709160426,0.147690503
0.709160426,0.147434465
0.709160426,0.147198371
0.709160426,0.146980247
0.705831118,0.147318886
0.705830952,0.147182786
0.705831118,0.147068324
0.705830952,0.14697833
0.705831118,0.146912472
0.705830952,0.146873568
0.705831139,0.1468551
0.705830973,0.146857745
0.705830973,0.146910538
0.705831139,0.146950708
0.705830973,0.146997328
0.705831139,0.147037394
0.705830973,0.147069838
0.709160447,0.146408424
0.709160447,0.146413678
0.709160447,0.146406047
0.709160447,0.146386038
0.709160447,0.14626283
0.709160447,0.146172008
0.709160447,0.146049799
0.709160447,0.145888139
0.709160447,0.14570924
0.709160447,0.145515708
0.709160447,0.145298336
0.709160447,0.145075356
0.709160447,0.144829489
0.709160447,0.144330854
0.709160447,0.144080763
0.709160447,0.143837134
0.709160447,0.1436035
0.709160447,0.143390207
0.709160447,0.143182365
0.709160447,0.142996659
0.709160447,0.142833375
0.705830973,0.143255614
0.705830973,0.14317034
0.705830973,0.143112206
0.705830973,0.143080573
0.705830973,0.143074071
0.705830973,0.143080584
0.705830931,0.143109882
0.705830931,0.143154955
0.705830931,0.14320891
0.705830931,0.143262723
0.709160238,0.142676517
0.709160405,0.142701159
0.709160238,0.142704649
0.709160405,0.142690345
0.709160238,0.142644893
0.709160405,0.142570262
0.709160238,0.142475931
0.709160286,0.142344046
0.709160119,0.142184856
0.709160119,0.141786369
0.709160286,0.141557551
0.709160119,0.141304749
0.709160286,0.141043968
0.709160119,0.140774107
0.709160286,0.140500205
0.709160119,0.140220908
0.709160286,0.139964361
0.709160286,0.139484207
0.709160119,0.139280315
0.709160286,0.139101922
0.705830813,0.139594352
0.705830813,0.139468849
0.705830813,0.139369237
0.705830813,0.139299618
0.705830813,0.139250668
0.705830813,0.139228514
0.705830813,0.139235724
0.705830813,0.139260127
0.705830813,0.13929002
0.705830813,0.13932647
0.705830813,0.13936402
0.705830813,0.139403913
0.709160286,0.138778229
0.709160119,0.138801229
0.709160119,0.138816266
0.709160286,0.138805029
0.709160119,0.138761792
0.709160286,0.138700301
0.709160119,0.138632152
0.709160286,0.138538131
0.709160119,0.138423198
0.709160119,0.138288541
0.709160098,0.138130693
0.709160266,0.137762228
0.709160098,0.137562833
0.709160266,0.137338359
0.709160098,0.137124623
0.709160266,0.136890305
0.709160098,0.136662504
0.709160266,0.136428948
0.709160098,0.136199591
0.709160266,0.135997082
0.709160391,0.135623355
0.705830917,0.136113529
0.705830917,0.135993415
0.705830917,0.135899188
0.705830917,0.135838101
0.705830917,0.135805232
0.705830917,0.135798832
0.705830917,0.135817172
0.705830917,0.135895514
0.705830917,0.135951028
0.705830917,0.136001017
0.709160391,0.135407628
0.709160224,0.135441464
0.709160391,0.135457396
0.709160224,0.135451037
0.709160391,0.13542188
0.709160224,0.135357554
0.709160224,0.135142117
0.709160391,0.13499432
0.709160224,0.134831259
0.709160391,0.13464229
0.709160224,0.134426859
0.709160391,0.134212541
0.709160224,0.133998519
0.709160391,0.133759879
0.709160224,0.133547764
0.709160224,0.133114204
0.709160391,0.132910274
0.709160224,0.132718687
0.709160391,0.132536785
0.709160224,0.132370703
0.709160391,0.132218012
0.705830917,0.132712553
0.705830917,0.132605551
0.705830917,0.132463026
0.705830917,0.132423583
0.705830917,0.132402637
0.705830917,0.132398205
0.705830917,0.132409261
0.705830917,0.132434493
0.705830917,0.132469053
0.705830751,0.132512904
0.705830917,0.132556753
0.709160224,0.132023575
0.709160224,0.13206235
0.709160112,0.13209597
0.709160112,0.13211697
0.709160112,0.132105878
0.709160112,0.132079234
0.709160112,0.132038366
0.709160112,0.131969093
0.709160112,0.13188658
0.709160112,0.131644555
0.709160112,0.131481731
0.709160112,0.131309631
0.709160112,0.13111196
0.709160112,0.130899314
0.709160112,0.130684007
0.709160112,0.130462691
0.709160112,0.130226315
0.709160112,0.129987753
0.709160112,0.12955311
0.709160112,0.129354788
0.709160112,0.129174162
0.709160279,0.129021522
0.705830807,0.129497635
0.70583064,0.12939771
0.705830807,0.12932621
0.705830807,0.129283321
0.705830807,0.129263296
0.705830807,0.129291428
0.705830807,0.1293288
0.705830807,0.129373467
0.705830807,0.129427691
0.709160112,0.128866655
0.709160279,0.12890511
0.709160112,0.128927489
0.709160279,0.12894305
0.709160279,0.128911747
0.709160112,0.128853802
0.709160321,0.128768823
0.709160154,0.128671287
0.709160321,0.128553646
0.709160154,0.12841311
0.709160154,0.12824881
0.709160154,0.128072887
0.709160154,0.127871577
0.709160154,0.127441141
0.709160154,0.127228803
0.709160154,0.127011871
0.709160154,0.12680055
0.709160154,0.126607541
0.709160154,0.126411556
0.709160154,0.126239141
0.709160154,0.126075415
0.709160154,0.125930453
0.705830848,0.126301232
0.705830682,0.126225545
0.705830848,0.126167223
0.705830682,0.12613396
0.705830848,0.126119783
0.705830682,0.126119996
0.705830848,0.12613336
0.705830682,0.126163501
0.705830682,0.126246511
0.709160154,0.125697632
0.709160154,0.125735021
0.709160154,0.125772852
0.709160154,0.125802698
0.709160154,0.125821348
0.709160154,0.125830796
0.709160154,0.125829449
0.709160154,0.125809629
0.709160154,0.125680587
0.709160154,0.125589041
0.709160154,0.125485833
0.709160154,0.125375863
0.709160154,0.125227348
0.709160154,0.125062067
0.709160154,0.124886523
0.709160154,0.124710089
0.709159986,0.124512696
0.709160154,0.124112331
0.709160154,0.123905255
0.709159986,0.123704042
0.709160252,0.12351716
0.709160084,0.123337584
0.709160252,0.123167319
0.709160252,0.123019226
0.709160252,0.122899414
0.705830779,0.123317613
0.705830945,0.12327579
0.705830779,0.123258105
0.705830945,0.123262484
0.705830779,0.123284511
0.705830986,0.123321791
0.70583082,0.123369788
0.709160293,0.12284544
0.709160293,0.122891438
0.709160293,0.122960109
0.709160293,0.122963949
0.709160293,0.122950851
0.709160293,0.122924136
0.709160293,0.122866846
0.709160293,0.122783996
0.709160293,0.122692225
0.709160293,0.122562637
0.709160293,0.12243548
0.709160293,0.122113124
0.709160293,0.121921735
0.709160293,0.121717723
0.709160293,0.12151103
0.709160293,0.121300064
0.709160293,0.121098879
0.709160293,0.120899473
0.709160293,0.120710659
0.709160293,0.120536358
0.709160126,0.120235051
0.709160293,0.12011669
0.709160126,0.12001837
0.70583082,0.120496842
0.70583082,0.120429132
0.70583082,0.120382728
0.70583082,0.120352241
0.70583082,0.120343406
0.70583082,0.120348091
0.70583082,0.120396323
0.70583082,0.120435337
0.709160126,0.119913383
0.709160293,0.11995541
0.709159937,0.120003497
0.709160105,0.120048361
0.709159937,0.120076568
0.709160105,0.120102949
0.709160105,0.120117763
0.709159937,0.120103549
0.709160105,0.120054291
0.709159937,0.119995394
0.709160105,0.119916432
0.709160105,0.119808822
0.709160126,0.119694818
0.709159958,0.119563824
0.709160126,0.119396536
0.709160126,0.119049158
0.709160126,0.118847637
0.709160126,0.118645327
0.709160126,0.118438942
0.709159958,0.118241601
0.709160126,0.118045281
0.709159958,0.117859092
0.709160126,0.117687938
0.709159958,0.117537358
0.709159958,0.117304115
0.705830654,0.11777792
0.705830654,0.117725092
0.705830654,0.117696888
0.705830654,0.117690484
0.705830654,0.117704965
0.705830654,0.117733263
0.705830654,0.117773485
0.709160126,0.117314929
0.709159958,0.117368775
0.709160126,0.117407613
0.709159958,0.117425537
0.709160126,0.117428164
0.709159958,0.117421001
0.709160126,0.117395016
0.709159958,0.117361701
0.709160126,0.117298338
0.709160126,0.117107569
0.709159958,0.116983519
0.709160126,0.116845113
0.709159958,0.116693777
0.709160126,0.116530745
0.709159958,0.116345737
0.709160196,0.116162793
0.709160028,0.115974567
0.709160196,0.115789724
0.709160196,0.115441252
0.709160028,0.115275615
0.709160028,0.115122924
0.709160028,0.114973361
0.709160028,0.114845677
0.709160028,0.114743501
0.709160028,0.114655668
0.705830557,0.115127703
0.705830557,0.115049497
0.705830724,0.115041584
0.705830557,0.115051884
0.705830723,0.115072143
0.705830557,0.115104958
0.705830724,0.115139627
0.709160196,0.114641763
0.709160028,0.114683388
0.709160196,0.114725749
0.709160196,0.114783055
0.709160028,0.11481221
0.709160196,0.114806441
0.709160028,0.1147896
0.709160196,0.114762595
0.709160028,0.114713599
0.709160196,0.114633979
0.709160028,0.114527491
0.709160196,0.114423972
0.709160196,0.114170145
0.709160028,0.114031116
0.709160028,0.11386062
0.709160028,0.11369861
0.709160028,0.113532544
0.709160028,0.113356604
0.709160028,0.113179483
0.709160028,0.11300603
0.709160028,0.112847601
0.709160028,0.112569671
0.709160028,0.112442684
0.709160028,0.112332612
0.709160028,0.112243912
0.709160028,0.112183324
0.705830557,0.112671756
0.705830744,0.112650421
0.705830578,0.112645887
0.705830744,0.112663166
0.709160049,0.112210125
0.709160049,0.112263725
0.709160049,0.112318165
0.709160049,0.112372964
0.709160049,0.112425491
0.709160049,0.112461555
0.709160049,0.112473719
0.709160049,0.112469069
0.709159839,0.112426704
0.709160007,0.11236554
0.709159839,0.112285655
0.709160007,0.112173387
0.709160007,0.112030699
0.709160007,0.111879371
0.709160007,0.111529353
0.709160007,0.111348663
0.709160007,0.111159671
0.709160007,0.110966324
0.709160007,0.110784357
0.709160007,0.110598595
0.709160007,0.110433994
0.709160007,0.110279117
0.709160007,0.110132941
0.709160007,0.110010993
0.709160007,0.109820217
0.709160007,0.109753393
0.705830703,0.110223671
0.705830537,0.110194524
0.705830703,0.11017908
0.705830537,0.110178171
0.705830703,0.110192431
0.709160007,0.109701991
0.709160007,0.109735639
0.709160007,0.109820426
0.709159839,0.109861675
0.709160007,0.109901492
0.709159839,0.1099377
0.709160007,0.109973572
0.709159839,0.109994581
0.709160007,0.110001694
0.709159839,0.109986275
0.709160007,0.109961665
0.709159965,0.109874877
0.709159798,0.109802691
0.709159965,0.109705122
0.709159798,0.109595409
0.709159965,0.10947465
0.709159798,0.109331237
0.709159965,0.10918287
0.709159965,0.108830745
0.709159798,0.108644619
0.709159965,0.108455589
0.709159965,0.108288646
0.709159867,0.10812016
0.709159867,0.107968395
0.709159867,0.107819843
0.709159867,0.107689698
0.709159867,0.107585929
0.709159867,0.107448397
0.705830398,0.107918482
0.705830398,0.107903142
0.705830398,0.107907843
0.705830398,0.107932071
0.709159867,0.107456308
0.7091597,0.107499006
0.709159867,0.107546857
0.7091597,0.107588211
0.7091597,0.107652064
0.709159867,0.107673716
0.7091597,0.107690757
0.709159867,0.107675458
0.7091597,0.107650091
0.709159867,0.107616738
0.7091597,0.107559675
0.709159867,0.107480757
0.709159867,0.10726226
0.7091597,0.10713926
0.709159867,0.107008201
0.7091597,0.106857972
0.709159867,0.106692748
0.7091597,0.1065227
0.709159867,0.106365195
0.7091597,0.10620614
0.7091597,0.106055699
0.7091597,0.105772754
0.709159867,0.105647269
0.7091597,0.105529766
0.709159867,0.105429668
0.709159805,0.105342523
0.709159972,0.105274168
0.709159805,0.105221324
0.705830502,0.105682579
0.705830502,0.105668867
0.705830502,0.105685913
0.709159972,0.105213231
0.709159804,0.105248737
0.709159972,0.105289781
0.709159805,0.105339096
0.709160161,0.105384985
0.709159993,0.105430746
0.709160161,0.10546812
0.709159993,0.105499028
0.709159993,0.105529877
0.709159993,0.105511322
0.709159993,0.105491808
0.709159993,0.105449358
0.709159993,0.105377942
0.709159993,0.105285073
0.709159993,0.105173485
0.709159993,0.105045899
0.709159993,0.104748639
0.709159993,0.104594099
0.709159993,0.104425697
0.709159993,0.104257361
0.709159993,0.104085641
0.709160161,0.103913738
0.709159993,0.103750986
0.709160161,0.103603987
0.709160161,0.103345462
0.709159993,0.103242951
0.709160161,0.103152653
0.709159993,0.103083899
0.705830689,0.103522247
0.705830523,0.103494408
0.705830689,0.10348505
0.705830689,0.103508846
0.709159993,0.103055971
0.709159993,0.103097623
0.709159993,0.103141547
0.709159993,0.103189824
0.709159993,0.103234435
0.709159993,0.103270843
0.709159993,0.103289611
0.709159986,0.103303257
0.709159986,0.103304305
0.709159986,0.103274203
0.709159986,0.103230451
0.709159986,0.103157404
0.709159986,0.103072489
0.709159986,0.102968574
0.709159986,0.102836002
0.709159986,0.102545639
0.709159916,0.102394304
0.709159916,0.102227636
0.709159749,0.102065365
0.709159916,0.101905154
0.709159749,0.101736988
0.709159916,0.101576675
0.709159916,0.101436453
0.709159916,0.101200799
0.709159916,0.101109957
0.709159916,0.101033919
0.709159916,0.100973976
0.705830613,0.101412128
0.705830447,0.101386658
0.705830613,0.101381573
0.705830447,0.101387535
0.709159916,0.100954706
0.709159916,0.100984843
0.709159916,0.101023588
0.709159916,0.101062725
0.709159916,0.10109976
0.709159916,0.101139078
0.709159916,0.101161944
0.709159916,0.10119057
0.709159749,0.101188433
0.709159749,0.101177
0.709159916,0.101140543
0.709159749,0.101113743
0.709159916,0.101049928
0.709159749,0.10098033
0.709159916,0.100895471
0.709159749,0.100789387
0.709159916,0.100666458
0.709159916,0.100530964
0.709159916,0.100240927
0.709159916,0.100090571
0.709159839,0.099934441
0.709159839,0.099763667
0.709159839,0.0996188
0.709159839,0.09947517
0.709159839,0.099347839
0.709159839,0.099229037
0.709159839,0.099056531
0.705830371,0.099455141
0.705830371,0.099408932
0.705830371,0.099384728
0.70583035,0.099381404
0.70583035,0.099395264
0.70583035,0.099418552
0.709159818,0.098988381
0.709159651,0.099032207
0.709159651,0.099125455
0.709159818,0.099168125
0.709159651,0.099208143
0.709159818,0.099230168
0.709159651,0.099243943
0.709159818,0.09923116
0.709159818,0.099204345
0.709159818,0.099165759
0.709159818,0.099100276
0.709159818,0.098928457
0.709159818,0.098814307
0.709159818,0.098700482
0.709159818,0.098572271
0.709159818,0.098427408
0.709159651,0.098278131
0.709159818,0.09812908
0.709159651,0.097974923
0.709159818,0.097822341
0.709159818,0.097543553
0.709159651,0.097410275
0.709159818,0.09729061
0.709159651,0.097187678
0.709159818,0.09710459
0.709159651,0.097040254
0.70583035,0.097445009
0.70583035,0.097411392
0.70583035,0.097388332
0.70583035,0.097395755
0.70583035,0.09741296
0.709159818,0.096982886
0.70915963,0.097021467
0.709159798,0.097063147
0.709159798,0.097108373
0.70915963,0.097151059
0.709159798,0.09719252
0.709159798,0.097250993
0.70915963,0.097274791
0.709159798,0.097265119
0.70915963,0.097248683
0.709159798,0.097214469
0.709159672,0.097162691
0.709159839,0.097099065
0.709159672,0.097021002
0.709159839,0.096909824
0.709159839,0.096667338
0.709159672,0.096523956
0.709159839,0.096378275
0.709159672,0.096229373
0.709159839,0.096059536
0.709159672,0.09590432
0.709159839,0.095746617
0.709159672,0.095600388
0.709159672,0.095336523
0.709159672,0.095240407
0.709159672,0.095150542
0.709159672,0.095078671
0.709159672,0.0950269
0.705830371,0.095442745
0.705830371,0.095426775
0.705830371,0.095444253
0.705830371,0.095472209
0.709159839,0.095057699
0.709159672,0.095094374
0.709159839,0.095139324
0.709159672,0.095173129
0.709159839,0.095202854
0.709159672,0.09523544
0.709159839,0.095258526
0.709159839,0.095251439
0.709159672,0.09523385
0.709159672,0.0951958
0.709159672,0.095139619
0.709159672,0.095071259
0.709159672,0.094987312
0.709159672,0.094893896
0.709159686,0.094781529
0.709159686,0.094528007
0.709159686,0.094389887
0.709159686,0.094261032
0.709159686,0.094119211
0.709159853,0.093982504
0.709159686,0.093846321
0.709159853,0.093712413
0.709159686,0.093590973
0.709159853,0.093483152
0.709159749,0.093306135
0.709159581,0.093241798
0.705830281,0.093632056
0.705830115,0.093600707
0.705830281,0.093584162
0.705830115,0.09358192
0.705830281,0.093594893
0.705830115,0.093616438
0.709159581,0.093209216
0.709159581,0.093285674
0.709159581,0.093331739
0.709159581,0.0933725
0.709159581,0.093415291
0.709159581,0.093437012
0.709159581,0.093459209
0.709159581,0.093475458
0.709159749,0.093472548
0.709159749,0.093419544
0.709159581,0.093356625
0.709159581,0.093281005
0.709159581,0.093191389
0.709159581,0.093098392
0.709159581,0.092988775
0.709159581,0.092868165
0.709159581,0.092737526
0.709159581,0.092594072
0.709159581,0.092313371
0.709159581,0.092168991
0.709159581,0.092031465
0.709159581,0.091897431
0.709159581,0.091780841
0.709159581,0.091677618
0.709159581,0.091588803
0.709159581,0.09151055
0.709159581,0.091447203
0.705830205,0.091818262
0.705830371,0.091811087
0.705830205,0.091820452
0.705830371,0.091840974
0.709159672,0.091446264
0.709159672,0.091486979
0.709159672,0.091529273
0.709159672,0.091568672
0.709159672,0.091610548
0.709159672,0.091678402
0.709159679,0.09168751
0.709159679,0.091690297
0.709159679,0.09167631
0.709159679,0.091659585
0.709159679,0.091623976
0.709159679,0.091571611
0.709159679,0.091497704
0.709159679,0.091315965
0.709159511,0.091187055
0.709159679,0.091062127
0.709159511,0.090914055
0.709159679,0.090771172
0.709159679,0.090627081
0.709159679,0.090484481
0.709159679,0.09034192
0.709159679,0.090220165
0.709159679,0.089998977
0.709159679,0.089903549
0.709159679,0.089822085
0.709159679,0.089750714
0.709159679,0.089696991
0.705830378,0.090082283
0.705830211,0.090055221
0.705830378,0.090044343
0.705830211,0.090048631
0.709159511,0.089666936
0.709159679,0.089695268
0.709159511,0.089731409
0.709159679,0.089769985
0.709159511,0.089812405
0.709159679,0.089857792
0.709159511,0.089893028
0.709159679,0.089926785
0.709159679,0.089955844
0.709159679,0.089956476
0.709159658,0.089940628
0.709159658,0.089907668
0.709159658,0.089854744
0.709159658,0.089777477
0.709159658,0.089691808
0.709159658,0.089607255
0.70915949,0.089504002
0.70915949,0.089252947
0.709159658,0.08911006
0.70915949,0.088960606
0.709159735,0.088826867
0.709159567,0.088685574
0.709159735,0.088563199
0.709159567,0.08843794
0.709159735,0.088324511
0.709159567,0.088224548
0.709159567,0.088069701
0.709159735,0.08802457
0.705830433,0.08840818
0.705830267,0.088392357
0.705830267,0.088390488
0.709159567,0.087987928
0.709159735,0.088007806
0.709159567,0.088037644
0.709159735,0.088075422
0.709159735,0.088161504
0.709159567,0.088202757
0.709159735,0.088237405
0.709159567,0.088267502
0.709159735,0.088291527
0.709159567,0.088278539
0.709159735,0.088265915
0.709159567,0.088252041
0.709159567,0.088166738
0.709159735,0.088095794
0.709159567,0.088005649
0.709159567,0.08792214
0.709159567,0.08781861
0.709159567,0.087708538
0.709159735,0.087576905
0.709159567,0.087440735
0.709159735,0.08731034
0.709159735,0.087045864
0.709159567,0.086923554
0.709159735,0.086809358
0.70915956,0.086699223
0.709159728,0.086603218
0.70915956,0.086520019
0.709159728,0.086448692
0.70915956,0.086391348
0.709159728,0.0863593
0.70915956,0.086328262
0.70915956,0.086334625
0.70915956,0.086351914
0.70915956,0.086378633
0.709159581,0.086413261
0.709159581,0.086448496
0.709159581,0.086481046
0.709159749,0.086521803
0.709159749,0.086583355
0.709159581,0.086604588
0.709159749,0.08661271
0.709159581,0.086609714
0.709159749,0.086585868
0.709159581,0.086560258
0.709159749,0.086518907
0.709159581,0.086469005
0.709159581,0.086396844
0.709159581,0.08620729
0.709159581,0.086101946
0.709159581,0.085990706
0.709159581,0.085860969
0.709159581,0.085721401
0.709159581,0.085587733
0.709159581,0.085458892
0.709159581,0.085338706
0.709159581,0.085221335
0.709159581,0.084994369
0.709159749,0.084903293
0.709159581,0.084827937
0.709159581,0.084765127
0.709159581,0.084716219
0.709159581,0.084686571
0.709159581,0.084675232
0.709159581,0.084674591
0.709159581,0.084689381
0.709159581,0.084748957
0.709159581,0.084790382
0.709159581,0.084840238
0.709159581,0.08488136
0.709159462,0.084920765
0.709159462,0.08495803
0.709159462,0.084969453
0.709159462,0.084970434
0.709159462,0.084935551
0.709159462,0.084897324
0.709159462,0.08486055
0.709159462,0.084802027
0.709159462,0.084723384
0.709159462,0.084636048
0.709159448,0.084539961
0.709159448,0.084418996
0.709159448,0.084304595
0.709159448,0.084176093
0.709159448,0.083941253
0.709159448,0.083823528
0.709159448,0.083694142
0.709159448,0.083584621
0.709159448,0.083476183
0.709159281,0.08337858
0.709159448,0.083297165
0.709159281,0.083227352
0.709159448,0.083128129
0.709159448,0.08309786
0.709159448,0.08308357
0.709159448,0.083085348
0.709159448,0.083094498
0.709159448,0.083115589
0.709159448,0.083146894
0.709159448,0.083186603
0.709159281,0.083263948
0.709159448,0.083300045
0.709159281,0.083333963
0.709159448,0.083360246
0.709159281,0.083377148
0.709159448,0.083391367
0.709159281,0.083393431
0.709159448,0.08338147
0.709159281,0.083353026
0.709159448,0.083257713
0.709159448,0.083200648
0.709159448,0.083109023
0.709159448,0.083005162
0.709159448,0.082896211
0.709159281,0.082781789
0.709159511,0.082664824
0.709159344,0.082538798
0.709159511,0.082398744
0.709159511,0.082152915
0.709159344,0.082044042
0.709159511,0.081937178
0.709159344,0.08183471
0.709159511,0.081751037
0.709159344,0.081678333
0.709159511,0.081622454
0.709159253,0.08158462
0.70915942,0.081555168
0.709159253,0.081562758
0.70915942,0.081576851
0.709159253,0.081604786
0.70915942,0.081640316
0.709159253,0.081673839
0.70915942,0.081718239
0.709159253,0.08175547
0.70915942,0.08179745
0.70915942,0.08184825
0.709159253,0.081872917
0.70915942,0.081879522
0.709159253,0.081869845
0.70915942,0.081842348
0.709159253,0.081793123
0.709159253,0.08174047
0.709159253,0.081684544
0.709159253,0.081603087
0.709159253,0.081400361
0.70915942,0.081296665
0.709159253,0.081177039
0.70915942,0.08105693
0.709159253,0.080939081
0.70915942,0.080817146
0.709159253,0.080701072
0.70915942,0.080589569
0.709159253,0.080496383
0.709159253,0.08032891
0.709159253,0.080270001
0.709159253,0.080209171
0.709159253,0.080168343
0.709159253,0.080145186
0.709159253,0.080132608
0.709159253,0.080135617
0.70915933,0.080146778
0.709159497,0.080168919
0.709159497,0.080232802
0.70915933,0.080265981
0.709159497,0.080307304
0.70915933,0.08035149
0.70915933,0.080387193
0.70915933,0.080409348
0.70915933,0.080421724
0.70915933,0.080429174
0.70915935,0.080401461
0.70915935,0.08036572
0.70915935,0.080324696
0.70915935,0.080252423
0.70915935,0.080178983
0.70915935,0.080082683
0.709159518,0.079978719
0.70915935,0.079869008
0.70915935,0.079759844
0.70915935,0.079524235
0.70915935,0.079410679
0.70915935,0.079306021
0.70915935,0.079190291
0.70915935,0.079086269
0.70915935,0.078988895
0.70915935,0.078902588
0.70915935,0.078828846
0.70915935,0.078771084
0.70915935,0.078691903
0.709159183,0.078677732
0.70915935,0.078675479
0.70915935,0.078682666
0.70915935,0.078708288
0.70915935,0.07873612
0.70915935,0.078769179
0.70915935,0.078802836
0.70915935,0.078888728
0.70915935,0.078924134
0.70915935,0.078956469
0.70915935,0.07897776
0.70915935,0.078992021
0.709159183,0.078988631
0.70915935,0.078980479
0.709159183,0.078962648
0.70915935,0.078917668
0.709159357,0.078767904
0.709159357,0.078684463
0.709159357,0.0785863
0.709159357,0.078480547
0.709159357,0.078361783
0.709159357,0.078240697
0.709159357,0.078122877
0.709159357,0.078000867
0.70915919,0.077895972
0.70915919,0.077684589
0.709159364,0.077584846
0.709159197,0.077504285
0.709159364,0.077434657
0.709159197,0.077377493
0.709159364,0.077329308
0.709159197,0.077300642
0.709159364,0.077282039
0.709159364,0.077282951
0.709159364,0.077293494
0.709159197,0.077315226
0.709159364,0.077344367
0.709159197,0.077376439
0.709159364,0.077412728
0.709159197,0.07745152
0.709159364,0.077489114
0.709159197,0.077528083
0.709159197,0.077578125
0.709159364,0.077595236
0.709159197,0.077599862
0.709159197,0.077600794
0.709159197,0.077569953
0.709159197,0.077539602
0.709159364,0.077483781
0.709159197,0.07740711
0.709159364,0.077324548
0.709159364,0.077124977
0.709159197,0.07702761
0.709159364,0.076905267
0.709159197,0.076793247
0.709159197,0.076676318
0.709159197,0.076568062
0.709159197,0.076458054
0.709159197,0.076359996
0.709159197,0.076265813
0.709159197,0.076114305
0.709159344,0.076053719
0.709159176,0.076008245
0.709159344,0.075979019
0.709159176,0.075966484
0.709159344,0.075968402
0.709159176,0.075983955
0.709159176,0.076007818
0.709159176,0.076082412
0.709159176,0.07612246
0.709159176,0.076168008
0.709159295,0.07621309
0.709159295,0.076245703
0.709159295,0.076267237
0.709159295,0.076283469
0.709159462,0.076289792
0.709159295,0.076280991
0.709159295,0.076220905
